<?xml version="1.0" ?>
<uwsgi>
	<pythonpath>/Users/yuyang/workspace/git/G7Platform/G7Platform/G7Platform</pythonpath>
	<socket>127.0.0.1:8882</socket>
	<pythonpath>/Users/yuyang/workspace/git/G7Platform/G7Platform/G7Platform/main/g7admin/g7admin/</pythonpath>
	<logdate>true</logdate>
	<processes>8</processes>
	<module>wsgi</module>
	<master>true</master>
	<enable-threads>true</enable-threads>
	<listen>80</listen>
	<memory-report>true</memory-report>
	<pythonpath>/Users/yuyang/workspace/git/G7Platform/G7Platform/G7Platform/main/g7admin/</pythonpath>
	<profiler>true</profiler>
	<pidfile>/Users/yuyang/workspace/git/G7Platform/G7Platform/workspace/profile/nginx/pid/nginx.pid</pidfile>
	<daemonize>/Users/yuyang/workspace/git/G7Platform/G7Platform/workspace/log/django/django.log</daemonize>
	<chdir>/Users/yuyang/workspace/git/G7Platform/G7Platform/G7Platform/main/g7admin</chdir>
	<limit-as>300</limit-as>
	<pythonpath>/Users/yuyang/workspace/git/G7Platform/G7Platform</pythonpath>
</uwsgi>
